time_stamp,humidity,temperature,pressure,pm2.5_alt,pm1.0_atm,pm10.0_atm,local_datetime,Date
2023-08-01T07:00:00Z,51.9,73,1017.964,6.5,6.124,10.4355,2023-08-01T03:00:00Z,2023-08-01
2023-08-01T04:00:00Z,42.6,77,1017.897,8.8,8.3015,14.605,2023-08-01T00:00:00Z,2023-08-01
2023-08-01T16:00:00Z,27.133,83.4,1020.613,2.7,2.6055,3.9425,2023-08-01T12:00:00Z,2023-08-01
2023-08-01T11:00:00Z,51.334,73.4,1020.006,4.5,4.479,7.0895,2023-08-01T07:00:00Z,2023-08-01
2023-08-01T10:00:00Z,53.434,72.2,1019.386,5.1,4.984,8.057,2023-08-01T06:00:00Z,2023-08-01
2023-08-01T12:00:00Z,46.6,75.633,1020.4,3.9,3.9705,6.1655,2023-08-01T08:00:00Z,2023-08-01
2023-08-01T14:00:00Z,29,83.933,1020.734,2.5,2.284,3.602,2023-08-01T10:00:00Z,2023-08-01
2023-08-01T00:00:00Z,41.133,82.167,1015.572,5.1,5.4875,8.295,2023-07-31T20:00:00Z,2023-07-31
2023-08-01T03:00:00Z,42.067,78.3,1017.596,9,8.693,14.869,2023-07-31T23:00:00Z,2023-07-31
2023-08-01T20:00:00Z,27,85.8,1019.699,3.2,3.1865,4.7965,2023-08-01T16:00:00Z,2023-08-01
2023-08-01T23:00:00Z,28.733,85.033,1020.053,3.3,3.5255,5.1795,2023-08-01T19:00:00Z,2023-08-01
2023-08-01T02:00:00Z,39.8,79.8,1017.231,8.4,8.1765,13.814,2023-07-31T22:00:00Z,2023-07-31
2023-08-01T22:00:00Z,26.434,86.267,1019.379,2.9,2.803,4.2335,2023-08-01T18:00:00Z,2023-08-01
2023-08-01T17:00:00Z,25.367,86.534,1020.241,3.1,3.1795,4.728,2023-08-01T13:00:00Z,2023-08-01
2023-08-01T19:00:00Z,23.1,89,1019.938,3,2.829,4.4325,2023-08-01T15:00:00Z,2023-08-01
2023-08-01T01:00:00Z,41.867,80.1,1016.609,6.5,6.5725,10.6765,2023-07-31T21:00:00Z,2023-07-31
2023-08-01T09:00:00Z,52.733,73.034,1018.875,5.8,5.537,9.2775,2023-08-01T05:00:00Z,2023-08-01
2023-08-01T18:00:00Z,23.1,89.267,1020.102,3,2.8285,4.31,2023-08-01T14:00:00Z,2023-08-01
2023-08-01T15:00:00Z,29.1,82.9,1020.825,2.7,2.496,3.828,2023-08-01T11:00:00Z,2023-08-01
2023-08-01T13:00:00Z,34.966,81.233,1020.506,2.8,2.607,4.1675,2023-08-01T09:00:00Z,2023-08-01
2023-08-01T05:00:00Z,44.567,75.834,1018.072,7.2,6.813,11.679,2023-08-01T01:00:00Z,2023-08-01
2023-08-01T06:00:00Z,50.7,73.034,1018.053,6,5.582,9.503,2023-08-01T02:00:00Z,2023-08-01
2023-08-01T21:00:00Z,26.966,86.633,1019.308,3.1,3.01,4.551,2023-08-01T17:00:00Z,2023-08-01
2023-08-01T08:00:00Z,53.2,72.4,1018.218,6.8,6.321,10.9035,2023-08-01T04:00:00Z,2023-08-01
2023-08-05T04:00:00Z,65.267,76,1014.614,10.4,9.1845,19.141,2023-08-05T00:00:00Z,2023-08-05
2023-08-05T05:00:00Z,66.9,75.934,1014.53,10.5,9.173,19.5245,2023-08-05T01:00:00Z,2023-08-05
2023-08-05T06:00:00Z,66.434,75.8,1014.456,9.5,8.381,16.7205,2023-08-05T02:00:00Z,2023-08-05
2023-08-05T15:00:00Z,44.933,84.334,1015.583,19,18.9035,32.7175,2023-08-05T11:00:00Z,2023-08-05
2023-08-05T16:00:00Z,37.267,88.233,1015.311,20,19.592,33.853,2023-08-05T12:00:00Z,2023-08-05
2023-08-05T14:00:00Z,46.933,84.333,1015.471,18.6,18.394,31.468,2023-08-05T10:00:00Z,2023-08-05
2023-08-05T07:00:00Z,65.5,76,1014.553,10.2,9.1465,18.0565,2023-08-05T03:00:00Z,2023-08-05
2023-08-05T23:00:00Z,37.667,84.233,1015.21,25.9,23.365,45.212,2023-08-05T19:00:00Z,2023-08-05
2023-08-05T11:00:00Z,62.567,78.3,1014.999,15,13.532,26.299,2023-08-05T07:00:00Z,2023-08-05
2023-08-05T03:00:00Z,66.133,76,1014.988,10.3,8.9825,18.739,2023-08-04T23:00:00Z,2023-08-04
2023-08-05T13:00:00Z,51.233,82,1015.135,16.7,16.3245,28.25,2023-08-05T09:00:00Z,2023-08-05
2023-08-05T21:00:00Z,36,86.6,1014.947,25.5,23.3155,43.6665,2023-08-05T17:00:00Z,2023-08-05
2023-08-05T09:00:00Z,68.6,75.1,1014.87,14.6,12.952,25.3435,2023-08-05T05:00:00Z,2023-08-05
2023-08-05T02:00:00Z,66.666,76,1014.862,8.5,7.4625,15.808,2023-08-04T22:00:00Z,2023-08-04
2023-08-05T17:00:00Z,35.067,88.834,1015.026,17.6,17.635,29.69,2023-08-05T13:00:00Z,2023-08-05
2023-08-05T22:00:00Z,36.466,85.334,1014.952,30.2,26.0695,50.256,2023-08-05T18:00:00Z,2023-08-05
2023-08-05T18:00:00Z,30.2,91.834,1015.087,14.7,14.7915,24.5075,2023-08-05T14:00:00Z,2023-08-05
2023-08-05T12:00:00Z,55.167,81.6,1015.004,15.5,14.693,26.3755,2023-08-05T08:00:00Z,2023-08-05
2023-08-05T19:00:00Z,30.367,89.767,1014.859,17,16.8135,28.4825,2023-08-05T15:00:00Z,2023-08-05
2023-08-05T10:00:00Z,66.5,76.4,1014.977,15,13.398,26.2365,2023-08-05T06:00:00Z,2023-08-05
2023-08-05T20:00:00Z,32.933,87.534,1014.706,19.8,19.526,34.318,2023-08-05T16:00:00Z,2023-08-05
2023-08-05T01:00:00Z,66.066,76,1015.115,6.4,5.654,11.7605,2023-08-04T21:00:00Z,2023-08-04
2023-08-05T08:00:00Z,65.8,75.966,1014.491,11.4,10.183,20.268,2023-08-05T04:00:00Z,2023-08-05
2023-08-05T00:00:00Z,65.8,76.267,1014.454,4.5,3.8125,7.492,2023-08-04T20:00:00Z,2023-08-04
2023-08-10T19:00:00Z,66,76.567,1004.505,15.6,15.186,28.361,2023-08-10T15:00:00Z,2023-08-10
2023-08-10T15:00:00Z,49.034,85.867,1006.89,15.6,16.332,27.4005,2023-08-10T11:00:00Z,2023-08-10
2023-08-10T10:00:00Z,53.367,77.834,1007.6,12.2,12.366,21.0135,2023-08-10T06:00:00Z,2023-08-10
2023-08-10T03:00:00Z,46.833,79.3,1009.677,9.6,9.4735,16.287,2023-08-09T23:00:00Z,2023-08-09
2023-08-10T02:00:00Z,44.5,80.034,1009.668,9.2,8.8715,15.3495,2023-08-09T22:00:00Z,2023-08-09
2023-08-10T16:00:00Z,50.5,85.667,1006.308,16,16.299,28.7985,2023-08-10T12:00:00Z,2023-08-10
2023-08-10T01:00:00Z,42.7,81.066,1009.078,8.7,8.438,14.2035,2023-08-09T21:00:00Z,2023-08-09
2023-08-10T13:00:00Z,49.966,83.7,1007.563,15.4,16.0945,27.3065,2023-08-10T09:00:00Z,2023-08-10
2023-08-10T18:00:00Z,61.033,80.6,1005.372,13.1,12.8625,24.532,2023-08-10T14:00:00Z,2023-08-10
2023-08-10T20:00:00Z,70.633,76.033,1003.955,18.8,18.013,33.2975,2023-08-10T16:00:00Z,2023-08-10
2023-08-10T23:00:00Z,73.333,74.534,1003.093,15.3,15.072,25.792,2023-08-10T19:00:00Z,2023-08-10
2023-08-10T11:00:00Z,53.867,78.4,1007.544,14.2,14.997,25.1595,2023-08-10T07:00:00Z,2023-08-10
2023-08-10T22:00:00Z,71.5,74.7,1003.025,14.1,13.6835,24.418,2023-08-10T18:00:00Z,2023-08-10
2023-08-10T05:00:00Z,50.367,78.333,1009.215,10,9.6625,17.0095,2023-08-10T01:00:00Z,2023-08-10
2023-08-10T12:00:00Z,50.2,81.267,1007.334,14.7,15.2295,25.3795,2023-08-10T08:00:00Z,2023-08-10
2023-08-10T07:00:00Z,53.466,77.3,1008.247,11.2,10.9235,19.165,2023-08-10T03:00:00Z,2023-08-10
2023-08-10T06:00:00Z,53.4,77.767,1008.607,11.2,10.855,19.213,2023-08-10T02:00:00Z,2023-08-10
2023-08-10T21:00:00Z,72.8,74.066,1003.218,12.8,12.216,22.8925,2023-08-10T17:00:00Z,2023-08-10
2023-08-10T14:00:00Z,49,86.066,1007.393,16.5,17.4715,28.8885,2023-08-10T10:00:00Z,2023-08-10
2023-08-10T00:00:00Z,45.666,82.666,1008.322,9.6,9.629,15.984,2023-08-09T20:00:00Z,2023-08-09
2023-08-10T09:00:00Z,52.166,77.466,1007.77,11.3,11.1505,19.3885,2023-08-10T05:00:00Z,2023-08-10
2023-08-10T08:00:00Z,51.833,78,1008.007,10.5,10.058,17.6835,2023-08-10T04:00:00Z,2023-08-10
2023-08-10T17:00:00Z,61.234,81.334,1005.88,19,18.7955,33.9845,2023-08-10T13:00:00Z,2023-08-10
2023-08-10T04:00:00Z,47.867,78.934,1009.397,10,9.9055,16.656,2023-08-10T00:00:00Z,2023-08-10
2023-07-31T19:00:00Z,28.267,89.466,1014.254,3.5,3.379,5.404,2023-07-31T15:00:00Z,2023-07-31
2023-07-31T12:00:00Z,43.834,76.834,1015.959,4.2,4.398,6.708,2023-07-31T08:00:00Z,2023-07-31
2023-07-31T20:00:00Z,32.633,85.033,1014.294,3.5,3.3715,5.446,2023-07-31T16:00:00Z,2023-07-31
2023-07-31T17:00:00Z,25.2,91.8,1015.185,3.8,3.789,5.98,2023-07-31T13:00:00Z,2023-07-31
2023-07-31T18:00:00Z,25.6,91.7,1014.714,4.4,4.6535,6.938,2023-07-31T14:00:00Z,2023-07-31
2023-07-31T11:00:00Z,48.633,73.467,1015.423,4.3,4.642,6.96,2023-07-31T07:00:00Z,2023-07-31
2023-07-31T03:00:00Z,44.733,76.1,1014.722,4,4.0295,6.132,2023-07-30T23:00:00Z,2023-07-30
2023-07-31T22:00:00Z,35.8,85.4,1014.594,3.6,3.4885,5.6685,2023-07-31T18:00:00Z,2023-07-31
2023-07-31T00:00:00Z,35.567,79.133,1014.242,3,2.9635,4.463,2023-07-30T20:00:00Z,2023-07-30
2023-07-31T08:00:00Z,49.967,72.434,1014.305,4.5,4.663,7.127,2023-07-31T04:00:00Z,2023-07-31
2023-07-31T21:00:00Z,34.067,85.4,1014.57,3.1,2.835,4.701,2023-07-31T17:00:00Z,2023-07-31
2023-07-31T07:00:00Z,47.733,73.4,1014.329,4.5,4.792,7.2705,2023-07-31T03:00:00Z,2023-07-31
2023-07-31T23:00:00Z,37.2,84.5,1015.028,4.3,4.3935,6.947,2023-07-31T19:00:00Z,2023-07-31
2023-07-31T14:00:00Z,27.9,88.3,1015.893,3.7,3.6495,5.628,2023-07-31T10:00:00Z,2023-07-31
2023-07-31T04:00:00Z,45.067,75.166,1014.973,4.1,4.29,6.4565,2023-07-31T00:00:00Z,2023-07-31
2023-07-31T13:00:00Z,35.333,83.6,1016.007,3.9,3.9585,6.108,2023-07-31T09:00:00Z,2023-07-31
2023-07-31T06:00:00Z,45,74.233,1014.383,3.8,3.745,5.8125,2023-07-31T02:00:00Z,2023-07-31
2023-07-31T10:00:00Z,49.9,71.933,1014.496,4.1,4.1595,6.393,2023-07-31T06:00:00Z,2023-07-31
2023-07-31T02:00:00Z,40.466,77.066,1014.761,3.5,3.6475,5.456,2023-07-30T22:00:00Z,2023-07-30
2023-07-31T16:00:00Z,21.566,94.8,1015.535,3.9,3.88,5.856,2023-07-31T12:00:00Z,2023-07-31
2023-07-31T15:00:00Z,23.6,92,1015.806,3.6,3.547,5.322,2023-07-31T11:00:00Z,2023-07-31
2023-07-31T05:00:00Z,44.767,74.133,1014.685,3.7,3.8365,5.7455,2023-07-31T01:00:00Z,2023-07-31
2023-07-31T09:00:00Z,50.166,71.6,1014.284,3.9,3.9845,6.0585,2023-07-31T05:00:00Z,2023-07-31
2023-07-31T01:00:00Z,38.534,78.2,1014.592,3.9,4.0865,6.0825,2023-07-30T21:00:00Z,2023-07-30
2023-08-03T21:00:00Z,42.2,79.367,1017.693,2,1.498,2.793,2023-08-03T17:00:00Z,2023-08-03
2023-08-03T02:00:00Z,45.1,74.934,1022.428,1.7,1.174,2.1165,2023-08-02T22:00:00Z,2023-08-02
2023-08-03T03:00:00Z,46.033,74.034,1022.591,1.9,1.465,2.4995,2023-08-02T23:00:00Z,2023-08-02
2023-08-03T12:00:00Z,44.533,77.767,1021.282,2.1,1.735,2.9175,2023-08-03T08:00:00Z,2023-08-03
2023-08-03T20:00:00Z,40.567,80.9,1018.036,2,1.5455,2.8405,2023-08-03T16:00:00Z,2023-08-03
2023-08-03T04:00:00Z,47.034,74,1022.644,2.2,1.9225,3.1675,2023-08-03T00:00:00Z,2023-08-03
2023-08-03T08:00:00Z,48.5,72,1021.258,2.6,2.4635,3.872,2023-08-03T04:00:00Z,2023-08-03
2023-08-03T19:00:00Z,39.833,80.733,1018.443,2.1,1.709,3.1035,2023-08-03T15:00:00Z,2023-08-03
2023-08-03T09:00:00Z,50.067,72,1021.419,2.5,2.472,3.7635,2023-08-03T05:00:00Z,2023-08-03
2023-08-03T07:00:00Z,47.9,72.5,1021.399,2.3,2.077,3.233,2023-08-03T03:00:00Z,2023-08-03
2023-08-03T16:00:00Z,36.2,83.767,1019.433,2.1,1.83,3.021,2023-08-03T12:00:00Z,2023-08-03
2023-08-03T14:00:00Z,40.8,80.667,1020.731,1.7,1.2385,2.3055,2023-08-03T10:00:00Z,2023-08-03
2023-08-03T01:00:00Z,44.033,75.267,1022.39,2,1.61,2.7795,2023-08-02T21:00:00Z,2023-08-02
2023-08-03T23:00:00Z,46.534,76.733,1016.903,2.3,1.851,3.2955,2023-08-03T19:00:00Z,2023-08-03
2023-08-03T13:00:00Z,43.033,78.934,1020.991,2,1.562,2.7555,2023-08-03T09:00:00Z,2023-08-03
2023-08-03T18:00:00Z,38.8,82,1018.745,2.2,1.8465,3.1355,2023-08-03T14:00:00Z,2023-08-03
2023-08-03T06:00:00Z,48.367,73,1021.962,2.3,2.205,3.3265,2023-08-03T02:00:00Z,2023-08-03
2023-08-03T05:00:00Z,47.8,73.733,1022.443,2.1,1.9095,3.0085,2023-08-03T01:00:00Z,2023-08-03
2023-08-03T00:00:00Z,42.133,75.667,1022.004,2,1.6145,2.7355,2023-08-02T20:00:00Z,2023-08-02
2023-08-03T10:00:00Z,51.733,72.233,1021.368,2.5,2.3655,3.6685,2023-08-03T06:00:00Z,2023-08-03
2023-08-03T17:00:00Z,37.5,83.334,1019.004,2.3,1.9365,3.299,2023-08-03T13:00:00Z,2023-08-03
2023-08-03T15:00:00Z,38.566,81.267,1020.138,2,1.5705,2.7225,2023-08-03T11:00:00Z,2023-08-03
2023-08-03T22:00:00Z,44.3,77.633,1017.247,2.2,1.8105,3.1365,2023-08-03T18:00:00Z,2023-08-03
2023-08-03T11:00:00Z,48.767,74.633,1021.552,2.3,2.08,3.3505,2023-08-03T07:00:00Z,2023-08-03
2023-08-13T18:00:00Z,33.367,94.433,1012.101,5,5.7185,7.9285,2023-08-13T14:00:00Z,2023-08-13
2023-08-13T16:00:00Z,43.1,92.333,1011.707,5.5,5.628,8.779,2023-08-13T12:00:00Z,2023-08-13
2023-08-13T09:00:00Z,71.167,74.733,1010.856,4.6,4.06,7.669,2023-08-13T05:00:00Z,2023-08-13
2023-08-13T07:00:00Z,70.067,73.733,1010.326,3.2,2.557,4.833,2023-08-13T03:00:00Z,2023-08-13
2023-08-13T17:00:00Z,39.6,92.633,1011.827,6,6.656,9.464,2023-08-13T13:00:00Z,2023-08-13
2023-08-13T03:00:00Z,56.966,82.633,1011.971,12,12.068,19.8815,2023-08-12T23:00:00Z,2023-08-12
2023-08-13T12:00:00Z,58.9,82.066,1011.768,6.1,6.349,10.351,2023-08-13T08:00:00Z,2023-08-13
2023-08-13T14:00:00Z,50.2,88.034,1011.817,10.4,11.0075,17.608,2023-08-13T10:00:00Z,2023-08-13
2023-08-13T22:00:00Z,37.367,90.833,1012.512,4.2,4.9975,6.7585,2023-08-13T18:00:00Z,2023-08-13
2023-08-13T19:00:00Z,34.633,93.133,1011.991,8.7,10.366,15.4485,2023-08-13T15:00:00Z,2023-08-13
2023-08-13T20:00:00Z,35.834,92.3,1012.157,5.1,6.3145,8.445,2023-08-13T16:00:00Z,2023-08-13
2023-08-13T06:00:00Z,65.967,77,1012.011,7.4,6.924,13.264,2023-08-13T02:00:00Z,2023-08-13
2023-08-13T13:00:00Z,53.7,85.933,1011.871,11.1,11.599,18.817,2023-08-13T09:00:00Z,2023-08-13
2023-08-13T08:00:00Z,70.7,74.334,1010.048,3.4,2.951,5.591,2023-08-13T04:00:00Z,2023-08-13
2023-08-13T02:00:00Z,56.8,82.233,1011.515,10.7,10.808,17.926,2023-08-12T22:00:00Z,2023-08-12
2023-08-13T11:00:00Z,65.034,78.267,1011.351,5.2,5.458,8.7695,2023-08-13T07:00:00Z,2023-08-13
2023-08-13T10:00:00Z,69.433,75.433,1011.092,4.9,4.6915,8.332,2023-08-13T06:00:00Z,2023-08-13
2023-08-13T01:00:00Z,56,83,1011.507,9.2,9.4145,15.7125,2023-08-12T21:00:00Z,2023-08-12
2023-08-13T15:00:00Z,45.466,90.334,1011.782,6.6,6.867,10.798,2023-08-13T11:00:00Z,2023-08-13
2023-08-13T05:00:00Z,59.234,82.034,1012,12.4,12.9475,20.8675,2023-08-13T01:00:00Z,2023-08-13
2023-08-13T00:00:00Z,56.3,83.4,1011.117,8,8.069,13.9025,2023-08-12T20:00:00Z,2023-08-12
2023-08-13T21:00:00Z,36.534,91.567,1012.365,4.3,5.0935,6.9415,2023-08-13T17:00:00Z,2023-08-13
2023-08-13T04:00:00Z,57.834,82.3,1012.199,13.8,14.186,23.0755,2023-08-13T00:00:00Z,2023-08-13
2023-08-13T23:00:00Z,41.466,87.533,1013.111,4.2,4.918,6.713,2023-08-13T19:00:00Z,2023-08-13
2023-08-07T01:00:00Z,58.734,78.833,1015.507,14.4,14.1275,26.9115,2023-08-06T21:00:00Z,2023-08-06
2023-08-07T23:00:00Z,68.7,79.633,1008.707,7.8,7.5575,13.8475,2023-08-07T19:00:00Z,2023-08-07
2023-08-07T18:00:00Z,55.9,83.367,1010.884,11,10.814,19.3535,2023-08-07T14:00:00Z,2023-08-07
2023-08-07T08:00:00Z,65.9,77.434,1014.091,17.4,16.3695,32.69,2023-08-07T04:00:00Z,2023-08-07
2023-08-07T03:00:00Z,63.066,78.966,1015.413,14.7,14.175,28.3735,2023-08-06T23:00:00Z,2023-08-06
2023-08-07T14:00:00Z,67.833,78.8,1013.445,11.8,10.953,22.461,2023-08-07T10:00:00Z,2023-08-07
2023-08-07T20:00:00Z,63.733,82.133,1009.523,10.1,9.953,17.9885,2023-08-07T16:00:00Z,2023-08-07
2023-08-07T16:00:00Z,50.434,87.133,1011.897,9.7,9.5865,17.5265,2023-08-07T12:00:00Z,2023-08-07
2023-08-07T19:00:00Z,60.067,82.8,1010.262,11.4,11.1175,20.6125,2023-08-07T15:00:00Z,2023-08-07
2023-08-07T02:00:00Z,62.933,78.333,1015.563,14.2,13.7605,26.6885,2023-08-06T22:00:00Z,2023-08-06
2023-08-07T17:00:00Z,50.3,85.1,1011.359,10.7,10.416,19.089,2023-08-07T13:00:00Z,2023-08-07
2023-08-07T06:00:00Z,60.1,79.867,1014.455,18.1,17.064,33.823,2023-08-07T02:00:00Z,2023-08-07
2023-08-07T05:00:00Z,60.233,79.6,1014.841,18.3,17.398,34.518,2023-08-07T01:00:00Z,2023-08-07
2023-08-07T12:00:00Z,73.467,73.666,1013.783,12.1,11.26,23.0785,2023-08-07T08:00:00Z,2023-08-07
2023-08-07T00:00:00Z,53.7,79.867,1015.401,14,13.757,26.19,2023-08-06T20:00:00Z,2023-08-06
2023-08-07T15:00:00Z,63.1,82.233,1012.873,12.4,11.668,22.574,2023-08-07T11:00:00Z,2023-08-07
2023-08-07T11:00:00Z,74.767,72.5,1014.006,13.6,12.7425,25.8855,2023-08-07T07:00:00Z,2023-08-07
2023-08-07T22:00:00Z,64.333,81.433,1008.786,8.6,8.291,14.9635,2023-08-07T18:00:00Z,2023-08-07
2023-08-07T13:00:00Z,70,76.034,1013.668,12,11.073,22.7175,2023-08-07T09:00:00Z,2023-08-07
2023-08-07T10:00:00Z,74.3,71.433,1014.064,15,13.8375,27.9105,2023-08-07T06:00:00Z,2023-08-07
2023-08-07T09:00:00Z,70.034,73.167,1014.493,12.1,11.257,23.416,2023-08-07T05:00:00Z,2023-08-07
2023-08-07T07:00:00Z,61.933,79.434,1014.454,16.8,15.8655,31.764,2023-08-07T03:00:00Z,2023-08-07
2023-08-07T21:00:00Z,64.834,81.567,1008.965,9,8.7915,15.9115,2023-08-07T17:00:00Z,2023-08-07
2023-08-07T04:00:00Z,61.267,79.666,1015.31,17.8,17.0705,33.228,2023-08-07T00:00:00Z,2023-08-07
2023-08-06T14:00:00Z,33.4,87.334,1016.946,16.4,16.0015,29.4285,2023-08-06T10:00:00Z,2023-08-06
2023-08-06T21:00:00Z,34.2,86.833,1015.214,12.7,12.3905,24.215,2023-08-06T17:00:00Z,2023-08-06
2023-08-06T12:00:00Z,36.1,85.367,1017.374,16.8,16.27,29.5385,2023-08-06T08:00:00Z,2023-08-06
2023-08-06T17:00:00Z,28.733,90.6,1016.535,10.9,10.2565,20.836,2023-08-06T13:00:00Z,2023-08-06
2023-08-06T23:00:00Z,48.434,81.466,1015.275,12.9,12.5625,23.793,2023-08-06T19:00:00Z,2023-08-06
2023-08-06T05:00:00Z,49.733,79.833,1016.048,23.8,21.915,42.0845,2023-08-06T01:00:00Z,2023-08-06
2023-08-06T22:00:00Z,38.233,84.9,1015.176,12.4,12.168,23.583,2023-08-06T18:00:00Z,2023-08-06
2023-08-06T19:00:00Z,30.567,90.334,1015.774,13.2,12.788,24.8925,2023-08-06T15:00:00Z,2023-08-06
2023-08-06T03:00:00Z,46.667,80.967,1015.674,25.4,22.908,44.677,2023-08-05T23:00:00Z,2023-08-05
2023-08-06T20:00:00Z,32.5,88.433,1015.42,13.2,12.798,25.277,2023-08-06T16:00:00Z,2023-08-06
2023-08-06T18:00:00Z,29.534,91.6,1016.13,12.5,12.016,24.2055,2023-08-06T14:00:00Z,2023-08-06
2023-08-06T13:00:00Z,36.633,84.767,1017.412,18.3,17.85,32.053,2023-08-06T09:00:00Z,2023-08-06
2023-08-06T02:00:00Z,44.7,81.633,1015.654,25.9,23.281,45.5725,2023-08-05T22:00:00Z,2023-08-05
2023-08-06T11:00:00Z,40.133,80.133,1017.476,16.2,15.6425,28.623,2023-08-06T07:00:00Z,2023-08-06
2023-08-06T15:00:00Z,30.233,89,1017.213,13.1,12.617,24.0355,2023-08-06T11:00:00Z,2023-08-06
2023-08-06T00:00:00Z,38.067,83.066,1015.406,27,24.0065,47.021,2023-08-05T20:00:00Z,2023-08-05
2023-08-06T16:00:00Z,28.733,90.867,1016.764,12,11.6055,22.15,2023-08-06T12:00:00Z,2023-08-06
2023-08-06T04:00:00Z,49.233,80.9,1015.752,25.6,23.259,45.454,2023-08-06T00:00:00Z,2023-08-06
2023-08-06T10:00:00Z,47.834,76.434,1017.282,18.9,18.317,34.2845,2023-08-06T06:00:00Z,2023-08-06
2023-08-06T09:00:00Z,48.133,76.9,1016.932,19.4,18.5925,35.002,2023-08-06T05:00:00Z,2023-08-06
2023-08-06T08:00:00Z,43.367,78.3,1016.573,19.7,18.8415,35.869,2023-08-06T04:00:00Z,2023-08-06
2023-08-06T06:00:00Z,42.334,80,1016.192,20.8,19.7225,37.803,2023-08-06T02:00:00Z,2023-08-06
2023-08-06T01:00:00Z,40.867,82.534,1015.572,27.8,24.5625,47.913,2023-08-05T21:00:00Z,2023-08-05
2023-08-06T07:00:00Z,41.1,79.166,1016.359,19.9,19.0285,36.3945,2023-08-06T03:00:00Z,2023-08-06
2023-08-11T01:00:00Z,73.434,74.767,1003.848,20.8,19.4955,36.134,2023-08-10T21:00:00Z,2023-08-10
2023-08-11T09:00:00Z,71.5,71.233,1007.115,13.4,12.8205,24.4545,2023-08-11T05:00:00Z,2023-08-11
2023-08-11T10:00:00Z,70.7,71.7,1007.908,16.7,16.111,29.1265,2023-08-11T06:00:00Z,2023-08-11
2023-08-11T05:00:00Z,70.034,74.034,1004.774,15.2,14.9565,25.456,2023-08-11T01:00:00Z,2023-08-11
2023-08-11T03:00:00Z,74.267,74.467,1004.168,19.4,18.4995,33.222,2023-08-10T23:00:00Z,2023-08-10
2023-08-11T14:00:00Z,46.5,83.8,1009.727,14.6,14.046,25.9265,2023-08-11T10:00:00Z,2023-08-11
2023-08-11T02:00:00Z,73.867,74.9,1004.017,20.9,19.287,36.141,2023-08-10T22:00:00Z,2023-08-10
2023-08-11T11:00:00Z,65.767,74.033,1008.687,17.3,16.8075,30.8015,2023-08-11T07:00:00Z,2023-08-11
2023-08-11T20:00:00Z,31.767,90.166,1009.274,8.1,7.289,13.8205,2023-08-11T16:00:00Z,2023-08-11
2023-08-11T22:00:00Z,33.767,89.034,1009.676,10.8,10.34,17.7915,2023-08-11T18:00:00Z,2023-08-11
2023-08-11T00:00:00Z,73.133,74.2,1003.221,14.4,14.308,24.0905,2023-08-10T20:00:00Z,2023-08-10
2023-08-11T18:00:00Z,35.333,89.633,1009.655,10.6,9.86,18.7575,2023-08-11T14:00:00Z,2023-08-11
2023-08-11T04:00:00Z,73.367,74,1004.454,16.6,16.097,27.932,2023-08-11T00:00:00Z,2023-08-11
2023-08-11T13:00:00Z,53.267,79.867,1009.148,14.6,14.0665,26.412,2023-08-11T09:00:00Z,2023-08-11
2023-08-11T16:00:00Z,39.067,88.8,1009.659,14.6,13.853,25.8755,2023-08-11T12:00:00Z,2023-08-11
2023-08-11T07:00:00Z,69.034,73.133,1005.681,12.8,12.3865,23.1605,2023-08-11T03:00:00Z,2023-08-11
2023-08-11T17:00:00Z,36.734,89.1,1009.598,13.8,13.1455,23.596,2023-08-11T13:00:00Z,2023-08-11
2023-08-11T08:00:00Z,70.133,72.434,1006.485,12.7,12.2175,23.378,2023-08-11T04:00:00Z,2023-08-11
2023-08-11T06:00:00Z,67.6,74,1005.217,14.3,14.112,24.3505,2023-08-11T02:00:00Z,2023-08-11
2023-08-11T12:00:00Z,58.066,77.267,1008.967,15.3,14.6695,27.6215,2023-08-11T08:00:00Z,2023-08-11
2023-08-11T21:00:00Z,32.434,90.8,1009.49,9.8,9.1535,16.187,2023-08-11T17:00:00Z,2023-08-11
2023-08-11T19:00:00Z,35,88.733,1009.32,9.2,8.506,16.192,2023-08-11T15:00:00Z,2023-08-11
2023-08-11T23:00:00Z,36.767,87.133,1010.101,10.2,9.7215,17.1805,2023-08-11T19:00:00Z,2023-08-11
2023-08-11T15:00:00Z,41.5,87.133,1009.906,14.1,13.5815,25.19,2023-08-11T11:00:00Z,2023-08-11
2023-08-09T11:00:00Z,54.834,74.5,1007.848,9.5,10.02,16.028,2023-08-09T07:00:00Z,2023-08-09
2023-08-09T13:00:00Z,46.6,78.467,1008.381,10.3,10.925,16.8845,2023-08-09T09:00:00Z,2023-08-09
2023-08-09T12:00:00Z,50.767,76.466,1008.337,10,10.48,16.441,2023-08-09T08:00:00Z,2023-08-09
2023-08-09T00:00:00Z,52.2,76.133,1005.912,5.2,5.3525,8.0615,2023-08-08T20:00:00Z,2023-08-08
2023-08-09T18:00:00Z,29.066,91.233,1007.212,17.2,17.029,29.338,2023-08-09T14:00:00Z,2023-08-09
2023-08-09T03:00:00Z,51.6,77,1006.527,7.3,7.43,11.6905,2023-08-08T23:00:00Z,2023-08-08
2023-08-09T14:00:00Z,41.767,81.433,1008.385,11.2,12.064,18.619,2023-08-09T10:00:00Z,2023-08-09
2023-08-09T16:00:00Z,33.034,87.167,1007.758,20.5,20.2385,35.444,2023-08-09T12:00:00Z,2023-08-09
2023-08-09T05:00:00Z,52.933,75.733,1006.435,8.3,8.6395,13.4415,2023-08-09T01:00:00Z,2023-08-09
2023-08-09T07:00:00Z,55.867,74,1005.994,8.4,8.9285,13.6065,2023-08-09T03:00:00Z,2023-08-09
2023-08-09T15:00:00Z,37.4,84.466,1008.075,14.4,15.2575,24.318,2023-08-09T11:00:00Z,2023-08-09
2023-08-09T08:00:00Z,56.733,73.9,1006.34,9.7,9.994,16.193,2023-08-09T04:00:00Z,2023-08-09
2023-08-09T10:00:00Z,58.567,72.4,1007.275,10.2,10.5855,16.9815,2023-08-09T06:00:00Z,2023-08-09
2023-08-09T02:00:00Z,53.566,76.233,1006.346,7.4,7.724,11.775,2023-08-08T22:00:00Z,2023-08-08
2023-08-09T23:00:00Z,39.934,84.6,1007.789,10.5,10.4845,17.318,2023-08-09T19:00:00Z,2023-08-09
2023-08-09T06:00:00Z,55.967,74.533,1006.081,8.6,9.0535,13.7805,2023-08-09T02:00:00Z,2023-08-09
2023-08-09T04:00:00Z,52.267,76.034,1006.561,8,8.284,12.8205,2023-08-09T00:00:00Z,2023-08-09
2023-08-09T01:00:00Z,52.834,76.733,1006.361,7,7.297,11.1335,2023-08-08T21:00:00Z,2023-08-08
2023-08-09T22:00:00Z,37.833,86.434,1007.175,10.9,10.9565,18.1095,2023-08-09T18:00:00Z,2023-08-09
2023-08-09T19:00:00Z,29.066,91.566,1007.433,12.6,12.8885,20.9545,2023-08-09T15:00:00Z,2023-08-09
2023-08-09T09:00:00Z,58.2,72.733,1006.684,10.9,11.2755,18.2125,2023-08-09T05:00:00Z,2023-08-09
2023-08-09T20:00:00Z,29.8,91.6,1007.575,12.5,12.6535,21.1245,2023-08-09T16:00:00Z,2023-08-09
2023-08-09T17:00:00Z,29.534,90.1,1007.466,23.4,21.597,40.457,2023-08-09T13:00:00Z,2023-08-09
2023-08-09T21:00:00Z,32.367,90.034,1007.352,10.6,10.7405,18.257,2023-08-09T17:00:00Z,2023-08-09
2023-08-12T02:00:00Z,43.4,82.934,1011.97,14.5,14.6425,25.558,2023-08-11T22:00:00Z,2023-08-11
2023-08-12T05:00:00Z,52.834,79.3,1012.601,17.3,17.387,30.6075,2023-08-12T01:00:00Z,2023-08-12
2023-08-12T06:00:00Z,50.367,78.933,1012.817,13.6,13.2555,23.6225,2023-08-12T02:00:00Z,2023-08-12
2023-08-12T13:00:00Z,41.9,87.733,1013.125,14.1,13.57,24.241,2023-08-12T09:00:00Z,2023-08-12
2023-08-12T04:00:00Z,51.5,79.666,1012.386,16.7,16.824,29.344,2023-08-12T00:00:00Z,2023-08-12
2023-08-12T09:00:00Z,46.066,77.167,1013.057,7.2,6.9355,11.805,2023-08-12T05:00:00Z,2023-08-12
2023-08-12T15:00:00Z,53.567,82.466,1013.212,15.2,14.593,27.898,2023-08-12T11:00:00Z,2023-08-12
2023-08-12T08:00:00Z,45.2,78,1012.889,7.8,7.4775,12.7595,2023-08-12T04:00:00Z,2023-08-12
2023-08-12T18:00:00Z,45.5,89.9,1011.76,12.1,11.6715,22.019,2023-08-12T14:00:00Z,2023-08-12
2023-08-12T03:00:00Z,45.133,81.733,1012.201,15.2,15.1635,26.5705,2023-08-11T23:00:00Z,2023-08-11
2023-08-12T10:00:00Z,47.966,76.8,1013.131,7.2,6.955,11.778,2023-08-12T06:00:00Z,2023-08-12
2023-08-12T07:00:00Z,46.466,78.1,1012.931,9.4,9.0915,15.757,2023-08-12T03:00:00Z,2023-08-12
2023-08-12T12:00:00Z,45.9,83.966,1013.357,12.3,11.7975,20.866,2023-08-12T08:00:00Z,2023-08-12
2023-08-12T00:00:00Z,43.034,84.233,1010.614,11.6,11.1625,19.548,2023-08-11T20:00:00Z,2023-08-11
2023-08-12T23:00:00Z,53.133,84.9,1010.88,7.8,7.79,13.9175,2023-08-12T19:00:00Z,2023-08-12
2023-08-12T16:00:00Z,46.467,89.733,1012.745,14.5,13.9045,26.7735,2023-08-12T12:00:00Z,2023-08-12
2023-08-12T17:00:00Z,44.367,91.167,1012.131,13.1,12.8185,24.056,2023-08-12T13:00:00Z,2023-08-12
2023-08-12T20:00:00Z,47.833,87.1,1010.85,10.3,10.085,18.3675,2023-08-12T16:00:00Z,2023-08-12
2023-08-12T19:00:00Z,51.433,85.333,1011.152,11.6,11.348,21.195,2023-08-12T15:00:00Z,2023-08-12
2023-08-12T14:00:00Z,40.767,87.567,1013.207,13,12.456,23.205,2023-08-12T10:00:00Z,2023-08-12
2023-08-12T11:00:00Z,48.267,79.267,1013.533,9.4,9.067,15.72,2023-08-12T07:00:00Z,2023-08-12
2023-08-12T22:00:00Z,50,86.534,1010.71,9.3,9.3035,16.4845,2023-08-12T18:00:00Z,2023-08-12
2023-08-12T01:00:00Z,43.5,83.3,1011.395,13.6,13.347,23.5885,2023-08-11T21:00:00Z,2023-08-11
2023-08-12T21:00:00Z,52.367,84.433,1010.729,9.9,9.897,17.398,2023-08-12T17:00:00Z,2023-08-12
2023-08-08T22:00:00Z,47.267,80.033,1004.438,2.6,2.4375,3.6535,2023-08-08T18:00:00Z,2023-08-08
2023-08-08T07:00:00Z,67.967,76.133,1005.992,2,1.5355,2.994,2023-08-08T03:00:00Z,2023-08-08
2023-08-08T08:00:00Z,67.966,76.567,1005.556,2.3,1.894,3.4835,2023-08-08T04:00:00Z,2023-08-08
2023-08-08T05:00:00Z,68.767,74.867,1007.109,1.4,0.797,1.592,2023-08-08T01:00:00Z,2023-08-08
2023-08-08T18:00:00Z,45.934,82.166,1003.63,1.6,1.062,1.77,2023-08-08T14:00:00Z,2023-08-08
2023-08-08T04:00:00Z,69.566,74.8,1007.363,1.2,0.587,1.3525,2023-08-08T00:00:00Z,2023-08-08
2023-08-08T23:00:00Z,50.066,77.4,1005.43,2.1,1.745,2.743,2023-08-08T19:00:00Z,2023-08-08
2023-08-08T02:00:00Z,71.867,74.566,1007.95,1.2,0.478,1.3365,2023-08-07T22:00:00Z,2023-08-07
2023-08-08T21:00:00Z,48.1,80.434,1004.635,2.6,2.369,3.7075,2023-08-08T17:00:00Z,2023-08-08
2023-08-08T13:00:00Z,65.166,78.233,1005.325,5.1,5.1135,8.219,2023-08-08T09:00:00Z,2023-08-08
2023-08-08T06:00:00Z,68.7,75.367,1006.409,1.9,1.3685,2.497,2023-08-08T02:00:00Z,2023-08-08
2023-08-08T19:00:00Z,45.8,82.667,1003.884,2.3,1.937,2.968,2023-08-08T15:00:00Z,2023-08-08
2023-08-08T14:00:00Z,64.7,78.334,1004.889,4.6,4.5425,7.4445,2023-08-08T10:00:00Z,2023-08-08
2023-08-08T09:00:00Z,66.334,76.9,1005.37,2.8,2.6185,4.404,2023-08-08T05:00:00Z,2023-08-08
2023-08-08T17:00:00Z,46.9,82.333,1003.711,1.4,0.861,1.4875,2023-08-08T13:00:00Z,2023-08-08
2023-08-08T15:00:00Z,52.834,82.334,1004.314,3.2,3.0025,4.619,2023-08-08T11:00:00Z,2023-08-08
2023-08-08T12:00:00Z,64.467,79,1005.692,4.7,4.588,7.665,2023-08-08T08:00:00Z,2023-08-08
2023-08-08T16:00:00Z,51.334,80.067,1004.007,2.4,2.416,3.482,2023-08-08T12:00:00Z,2023-08-08
2023-08-08T20:00:00Z,45.8,82.367,1004.33,2.3,1.929,3.1035,2023-08-08T16:00:00Z,2023-08-08
2023-08-08T00:00:00Z,70.1,78.966,1009.34,7.1,6.675,12.7295,2023-08-07T20:00:00Z,2023-08-07
2023-08-08T03:00:00Z,71.3,74.933,1007.627,1.2,0.5425,1.3495,2023-08-07T23:00:00Z,2023-08-07
2023-08-08T11:00:00Z,67.3,77.3,1005.838,4.4,4.408,7.178,2023-08-08T07:00:00Z,2023-08-08
2023-08-08T10:00:00Z,67.434,76.433,1005.725,3.1,2.9365,4.9715,2023-08-08T06:00:00Z,2023-08-08
2023-08-08T01:00:00Z,69.3,75.566,1009.195,1.1,0.393,1.2955,2023-08-07T21:00:00Z,2023-08-07
2023-08-04T15:00:00Z,52.067,79.133,1015.037,9.2,8.5295,18.15,2023-08-04T11:00:00Z,2023-08-04
2023-08-04T05:00:00Z,53.3,75.933,1016.258,2.8,2.4705,4.379,2023-08-04T01:00:00Z,2023-08-04
2023-08-04T14:00:00Z,50.367,80.867,1015.061,10.8,10.1585,20.659,2023-08-04T10:00:00Z,2023-08-04
2023-08-04T08:00:00Z,57.767,75.867,1015.813,10.7,9.934,20.945,2023-08-04T04:00:00Z,2023-08-04
2023-08-04T06:00:00Z,55.933,75.333,1015.966,6.6,6.066,12.129,2023-08-04T02:00:00Z,2023-08-04
2023-08-04T19:00:00Z,52.067,81.233,1014.35,13,12.094,25.1345,2023-08-04T15:00:00Z,2023-08-04
2023-08-04T17:00:00Z,52.267,80.034,1015.03,12.2,11.348,23.6505,2023-08-04T13:00:00Z,2023-08-04
2023-08-04T04:00:00Z,50.567,76,1016.682,2,1.486,2.644,2023-08-04T00:00:00Z,2023-08-04
2023-08-04T07:00:00Z,56.966,75.966,1015.942,11.5,10.85,21.5185,2023-08-04T03:00:00Z,2023-08-04
2023-08-04T18:00:00Z,49.6,82.2,1014.638,13.1,12.348,25.2005,2023-08-04T14:00:00Z,2023-08-04
2023-08-04T11:00:00Z,58.133,75.6,1015.619,13.1,12.221,26.572,2023-08-04T07:00:00Z,2023-08-04
2023-08-04T12:00:00Z,58.334,75.967,1015.393,12.4,11.4505,25.0595,2023-08-04T08:00:00Z,2023-08-04
2023-08-04T13:00:00Z,53.733,79.334,1015.305,11.4,10.621,22.4655,2023-08-04T09:00:00Z,2023-08-04
2023-08-04T16:00:00Z,51.666,79.733,1014.999,9.6,8.881,18.9245,2023-08-04T12:00:00Z,2023-08-04
2023-08-04T00:00:00Z,47.834,76.533,1017.097,2.2,1.856,3.262,2023-08-03T20:00:00Z,2023-08-03
2023-08-04T21:00:00Z,54.767,80.1,1013.832,7.8,7.36,14.2555,2023-08-04T17:00:00Z,2023-08-04
2023-08-04T20:00:00Z,51.067,81.633,1014.076,9.2,8.475,17.882,2023-08-04T16:00:00Z,2023-08-04
2023-08-04T09:00:00Z,58.433,76,1015.65,11.6,10.8375,22.495,2023-08-04T05:00:00Z,2023-08-04
2023-08-04T10:00:00Z,59,76,1015.585,11.9,10.9805,23.83,2023-08-04T06:00:00Z,2023-08-04
2023-08-04T23:00:00Z,62,77.7,1014.141,4.7,4.095,8.3745,2023-08-04T19:00:00Z,2023-08-04
2023-08-04T03:00:00Z,49.333,75.966,1016.853,1.9,1.481,2.653,2023-08-03T23:00:00Z,2023-08-03
2023-08-04T22:00:00Z,59.034,78.867,1013.824,8,7.313,14.713,2023-08-04T18:00:00Z,2023-08-04
2023-08-04T01:00:00Z,46.966,77,1017.44,1.9,1.461,2.673,2023-08-03T21:00:00Z,2023-08-03
2023-08-04T02:00:00Z,48,76.233,1017.207,1.8,1.3365,2.4835,2023-08-03T22:00:00Z,2023-08-03
2023-08-02T05:00:00Z,35.834,75,1022.35,2.1,1.869,2.9365,2023-08-02T01:00:00Z,2023-08-02
2023-08-02T18:00:00Z,21.633,91.767,1022.938,3,3.0695,4.4005,2023-08-02T14:00:00Z,2023-08-02
2023-08-02T19:00:00Z,21.534,91.8,1022.452,3,3.2325,4.54,2023-08-02T15:00:00Z,2023-08-02
2023-08-02T23:00:00Z,37.966,77.834,1021.926,1.9,1.578,2.6905,2023-08-02T19:00:00Z,2023-08-02
2023-08-02T20:00:00Z,26.3,88.334,1022.164,2.6,2.49,3.791,2023-08-02T16:00:00Z,2023-08-02
2023-08-02T09:00:00Z,41.6,71.934,1022.843,2.1,1.992,2.988,2023-08-02T05:00:00Z,2023-08-02
2023-08-02T22:00:00Z,34.7,81,1021.777,2,1.695,2.864,2023-08-02T18:00:00Z,2023-08-02
2023-08-02T06:00:00Z,38.7,74.1,1022.317,2.3,2.148,3.3615,2023-08-02T02:00:00Z,2023-08-02
2023-08-02T01:00:00Z,33.833,78.966,1021.62,3.5,3.761,5.51,2023-08-01T21:00:00Z,2023-08-01
2023-08-02T03:00:00Z,34.233,76.8,1022.226,2.3,2.1055,3.2235,2023-08-01T23:00:00Z,2023-08-01
2023-08-02T17:00:00Z,22.7,89.9,1023.317,2.8,2.8255,4.165,2023-08-02T13:00:00Z,2023-08-02
2023-08-02T07:00:00Z,47.133,72.133,1022.295,2.9,2.9685,4.5265,2023-08-02T03:00:00Z,2023-08-02
2023-08-02T12:00:00Z,30.467,81.267,1024.044,2,1.7925,2.89,2023-08-02T08:00:00Z,2023-08-02
2023-08-02T08:00:00Z,40.966,72.4,1022.494,2.1,1.901,2.9605,2023-08-02T04:00:00Z,2023-08-02
2023-08-02T00:00:00Z,32.7,80.567,1020.85,3.5,3.7995,5.538,2023-08-01T20:00:00Z,2023-08-01
2023-08-02T02:00:00Z,34.6,77.767,1022.014,2.9,2.7705,4.2625,2023-08-01T22:00:00Z,2023-08-01
2023-08-02T10:00:00Z,42.3,71.933,1023.36,2,1.785,2.9145,2023-08-02T06:00:00Z,2023-08-02
2023-08-02T11:00:00Z,37.466,75.767,1023.819,2.2,2.0325,3.1465,2023-08-02T07:00:00Z,2023-08-02
2023-08-02T16:00:00Z,25.066,86.4,1023.522,2.5,2.442,3.5965,2023-08-02T12:00:00Z,2023-08-02
2023-08-02T21:00:00Z,29.867,84.166,1021.697,2.4,2.262,3.575,2023-08-02T17:00:00Z,2023-08-02
2023-08-02T14:00:00Z,30.233,82,1023.612,2.5,2.4555,3.803,2023-08-02T10:00:00Z,2023-08-02
2023-08-02T04:00:00Z,35.166,75.7,1022.346,2.4,2.266,3.4535,2023-08-02T00:00:00Z,2023-08-02
2023-08-02T15:00:00Z,30,81.7,1023.708,2.2,2.029,3.109,2023-08-02T11:00:00Z,2023-08-02
2023-08-02T13:00:00Z,29.233,83.3,1023.831,2.2,2.127,3.318,2023-08-02T09:00:00Z,2023-08-02
2023-08-17T21:00:00Z,NA,NA,NA,4.7,4.476,7.4415,2023-08-17T17:00:00Z,2023-08-17
2023-08-17T09:00:00Z,NA,NA,NA,8.1,8.1485,12.926,2023-08-17T05:00:00Z,2023-08-17
2023-08-17T23:00:00Z,NA,NA,NA,5.1,5.026,8.134,2023-08-17T19:00:00Z,2023-08-17
2023-08-17T08:00:00Z,NA,NA,NA,7.5,7.5025,11.766,2023-08-17T04:00:00Z,2023-08-17
2023-08-17T20:00:00Z,NA,NA,NA,5.1,4.8835,7.98,2023-08-17T16:00:00Z,2023-08-17
2023-08-17T17:00:00Z,NA,NA,NA,6.8,6.9425,11.0225,2023-08-17T13:00:00Z,2023-08-17
2023-08-17T19:00:00Z,NA,NA,NA,6.1,6.054,9.703,2023-08-17T15:00:00Z,2023-08-17
2023-08-17T22:00:00Z,NA,NA,NA,5,4.9435,7.991,2023-08-17T18:00:00Z,2023-08-17
2023-08-17T14:00:00Z,NA,NA,NA,7.3,7.3955,12.1505,2023-08-17T10:00:00Z,2023-08-17
2023-08-17T18:00:00Z,NA,NA,NA,6.6,6.569,10.622,2023-08-17T14:00:00Z,2023-08-17
2023-08-17T03:00:00Z,NA,NA,NA,3.4,3.6605,5.258,2023-08-16T23:00:00Z,2023-08-16
2023-08-17T02:00:00Z,NA,NA,NA,2.7,2.6825,4.0905,2023-08-16T22:00:00Z,2023-08-16
2023-08-17T06:00:00Z,NA,NA,NA,4.4,4.635,6.839,2023-08-17T02:00:00Z,2023-08-17
2023-08-17T00:00:00Z,NA,NA,NA,4.2,4.502,6.799,2023-08-16T20:00:00Z,2023-08-16
2023-08-17T10:00:00Z,NA,NA,NA,8.7,8.822,13.93,2023-08-17T06:00:00Z,2023-08-17
2023-08-17T15:00:00Z,NA,NA,NA,7,7.316,11.635,2023-08-17T11:00:00Z,2023-08-17
2023-08-17T01:00:00Z,NA,NA,NA,2.8,2.9355,4.393,2023-08-16T21:00:00Z,2023-08-16
2023-08-17T04:00:00Z,NA,NA,NA,3.4,3.626,5.1575,2023-08-17T00:00:00Z,2023-08-17
2023-08-17T07:00:00Z,NA,NA,NA,5.4,5.6275,8.523,2023-08-17T03:00:00Z,2023-08-17
2023-08-17T11:00:00Z,NA,NA,NA,9.4,9.651,15.217,2023-08-17T07:00:00Z,2023-08-17
2023-08-17T12:00:00Z,NA,NA,NA,10.1,10.483,16.4615,2023-08-17T08:00:00Z,2023-08-17
2023-08-17T13:00:00Z,NA,NA,NA,9.5,9.633,15.677,2023-08-17T09:00:00Z,2023-08-17
2023-08-17T16:00:00Z,NA,NA,NA,7.1,7.3185,11.593,2023-08-17T12:00:00Z,2023-08-17
2023-08-17T05:00:00Z,NA,NA,NA,4.1,4.1965,6.1885,2023-08-17T01:00:00Z,2023-08-17
2023-08-21T20:00:00Z,NA,NA,NA,20,19.755,34.2445,2023-08-21T16:00:00Z,2023-08-21
2023-08-21T14:00:00Z,NA,NA,NA,17,16.9915,30.6915,2023-08-21T10:00:00Z,2023-08-21
2023-08-21T13:00:00Z,NA,NA,NA,19.5,19.1985,36.32,2023-08-21T09:00:00Z,2023-08-21
2023-08-21T11:00:00Z,NA,NA,NA,19.1,18.6585,35.084,2023-08-21T07:00:00Z,2023-08-21
2023-08-21T21:00:00Z,NA,NA,NA,22.5,21.466,38.85,2023-08-21T17:00:00Z,2023-08-21
2023-08-21T15:00:00Z,NA,NA,NA,18.8,18.881,32.7555,2023-08-21T11:00:00Z,2023-08-21
2023-08-21T03:00:00Z,NA,NA,NA,16.7,17.097,30.423,2023-08-20T23:00:00Z,2023-08-20
2023-08-21T07:00:00Z,NA,NA,NA,15.9,15.4335,29.1785,2023-08-21T03:00:00Z,2023-08-21
2023-08-21T18:00:00Z,NA,NA,NA,15.3,15.7835,25.7325,2023-08-21T14:00:00Z,2023-08-21
2023-08-21T10:00:00Z,NA,NA,NA,17.9,17.4885,32.8405,2023-08-21T06:00:00Z,2023-08-21
2023-08-21T17:00:00Z,NA,NA,NA,15,15.463,25.5,2023-08-21T13:00:00Z,2023-08-21
2023-08-21T05:00:00Z,NA,NA,NA,18.3,18.6065,33.7065,2023-08-21T01:00:00Z,2023-08-21
2023-08-21T16:00:00Z,NA,NA,NA,17.6,17.718,30.6235,2023-08-21T12:00:00Z,2023-08-21
2023-08-21T06:00:00Z,NA,NA,NA,16.1,15.9295,29.6855,2023-08-21T02:00:00Z,2023-08-21
2023-08-21T22:00:00Z,NA,NA,NA,23.8,22.1235,40.8605,2023-08-21T18:00:00Z,2023-08-21
2023-08-21T08:00:00Z,NA,NA,NA,17.1,16.9885,31.6455,2023-08-21T04:00:00Z,2023-08-21
2023-08-21T04:00:00Z,NA,NA,NA,19.2,19.6735,35.166,2023-08-21T00:00:00Z,2023-08-21
2023-08-21T02:00:00Z,NA,NA,NA,16.4,16.737,29.527,2023-08-20T22:00:00Z,2023-08-20
2023-08-21T23:00:00Z,NA,NA,NA,24.1,22.181,41.6775,2023-08-21T19:00:00Z,2023-08-21
2023-08-21T12:00:00Z,NA,NA,NA,20.3,19.9495,37.5765,2023-08-21T08:00:00Z,2023-08-21
2023-08-21T09:00:00Z,NA,NA,NA,17.8,17.621,32.919,2023-08-21T05:00:00Z,2023-08-21
2023-08-21T19:00:00Z,NA,NA,NA,19.4,19.652,33.417,2023-08-21T15:00:00Z,2023-08-21
2023-08-21T00:00:00Z,NA,NA,NA,13.7,13.6805,24.386,2023-08-20T20:00:00Z,2023-08-20
2023-08-21T01:00:00Z,NA,NA,NA,14.7,14.894,26.582,2023-08-20T21:00:00Z,2023-08-20
2023-08-20T01:00:00Z,NA,NA,NA,7.4,7.0585,12.819,2023-08-19T21:00:00Z,2023-08-19
2023-08-20T06:00:00Z,NA,NA,NA,9.4,9.082,16.3845,2023-08-20T02:00:00Z,2023-08-20
2023-08-20T21:00:00Z,NA,NA,NA,10.8,10.57,19.028,2023-08-20T17:00:00Z,2023-08-20
2023-08-20T05:00:00Z,NA,NA,NA,8.9,8.768,15.849,2023-08-20T01:00:00Z,2023-08-20
2023-08-20T14:00:00Z,NA,NA,NA,9.9,9.916,17.1165,2023-08-20T10:00:00Z,2023-08-20
2023-08-20T16:00:00Z,NA,NA,NA,8.8,8.436,16.183,2023-08-20T12:00:00Z,2023-08-20
2023-08-20T00:00:00Z,NA,NA,NA,6.3,5.6475,10.905,2023-08-19T20:00:00Z,2023-08-19
2023-08-20T15:00:00Z,NA,NA,NA,9.3,8.9355,16.384,2023-08-20T11:00:00Z,2023-08-20
2023-08-20T10:00:00Z,NA,NA,NA,10.6,10.475,18.9155,2023-08-20T06:00:00Z,2023-08-20
2023-08-20T20:00:00Z,NA,NA,NA,9.8,9.384,17.4585,2023-08-20T16:00:00Z,2023-08-20
2023-08-20T11:00:00Z,NA,NA,NA,12,11.8775,21.642,2023-08-20T07:00:00Z,2023-08-20
2023-08-20T18:00:00Z,NA,NA,NA,8.7,8.193,15.213,2023-08-20T14:00:00Z,2023-08-20
2023-08-20T19:00:00Z,NA,NA,NA,9.1,8.5,16.127,2023-08-20T15:00:00Z,2023-08-20
2023-08-20T02:00:00Z,NA,NA,NA,7.5,7.1515,13.2295,2023-08-19T22:00:00Z,2023-08-19
2023-08-20T03:00:00Z,NA,NA,NA,9.4,9.3185,16.519,2023-08-19T23:00:00Z,2023-08-19
2023-08-20T22:00:00Z,NA,NA,NA,12.1,11.925,21.4615,2023-08-20T18:00:00Z,2023-08-20
2023-08-20T23:00:00Z,NA,NA,NA,14,14.0735,24.187,2023-08-20T19:00:00Z,2023-08-20
2023-08-20T08:00:00Z,NA,NA,NA,10.7,10.532,18.7665,2023-08-20T04:00:00Z,2023-08-20
2023-08-20T13:00:00Z,NA,NA,NA,12.4,12.5495,21.8495,2023-08-20T09:00:00Z,2023-08-20
2023-08-20T07:00:00Z,NA,NA,NA,9.1,8.781,16.1555,2023-08-20T03:00:00Z,2023-08-20
2023-08-20T17:00:00Z,NA,NA,NA,9.3,9.0445,16.2615,2023-08-20T13:00:00Z,2023-08-20
2023-08-20T04:00:00Z,NA,NA,NA,10.4,10.568,17.9765,2023-08-20T00:00:00Z,2023-08-20
2023-08-20T12:00:00Z,NA,NA,NA,12.8,12.762,22.551,2023-08-20T08:00:00Z,2023-08-20
2023-08-20T09:00:00Z,NA,NA,NA,10.3,10.2695,18.4,2023-08-20T05:00:00Z,2023-08-20
2023-08-19T16:00:00Z,NA,NA,NA,7.8,7.473,13.206,2023-08-19T12:00:00Z,2023-08-19
2023-08-19T02:00:00Z,NA,NA,NA,12.4,11.5155,22.2285,2023-08-18T22:00:00Z,2023-08-18
2023-08-19T15:00:00Z,NA,NA,NA,8,7.5175,12.918,2023-08-19T11:00:00Z,2023-08-19
2023-08-19T03:00:00Z,NA,NA,NA,12.9,12.2145,23.2375,2023-08-18T23:00:00Z,2023-08-18
2023-08-19T13:00:00Z,NA,NA,NA,7.8,7.242,12.9975,2023-08-19T09:00:00Z,2023-08-19
2023-08-19T12:00:00Z,NA,NA,NA,6.9,5.954,11.8935,2023-08-19T08:00:00Z,2023-08-19
2023-08-19T04:00:00Z,NA,NA,NA,13.2,12.369,23.186,2023-08-19T00:00:00Z,2023-08-19
2023-08-19T14:00:00Z,NA,NA,NA,7.6,7.1045,12.416,2023-08-19T10:00:00Z,2023-08-19
2023-08-19T00:00:00Z,NA,NA,NA,9.6,8.8555,16.967,2023-08-18T20:00:00Z,2023-08-18
2023-08-19T08:00:00Z,NA,NA,NA,8.8,7.9925,16.3715,2023-08-19T04:00:00Z,2023-08-19
2023-08-19T05:00:00Z,NA,NA,NA,12.7,11.895,22.2995,2023-08-19T01:00:00Z,2023-08-19
2023-08-19T10:00:00Z,NA,NA,NA,7.1,6.3195,13.527,2023-08-19T06:00:00Z,2023-08-19
2023-08-19T19:00:00Z,NA,NA,NA,7,6.414,12.105,2023-08-19T15:00:00Z,2023-08-19
2023-08-19T11:00:00Z,NA,NA,NA,6.3,5.4955,11.6575,2023-08-19T07:00:00Z,2023-08-19
2023-08-19T06:00:00Z,NA,NA,NA,12.5,11.817,21.83,2023-08-19T02:00:00Z,2023-08-19
2023-08-19T20:00:00Z,NA,NA,NA,7.1,6.409,12.159,2023-08-19T16:00:00Z,2023-08-19
2023-08-19T22:00:00Z,NA,NA,NA,6.6,5.925,11.585,2023-08-19T18:00:00Z,2023-08-19
2023-08-19T17:00:00Z,NA,NA,NA,7.9,7.493,13.47,2023-08-19T13:00:00Z,2023-08-19
2023-08-19T23:00:00Z,NA,NA,NA,6.3,5.651,10.745,2023-08-19T19:00:00Z,2023-08-19
2023-08-19T07:00:00Z,NA,NA,NA,11.6,10.9625,20.5195,2023-08-19T03:00:00Z,2023-08-19
2023-08-19T01:00:00Z,NA,NA,NA,11.3,10.5505,20.2705,2023-08-18T21:00:00Z,2023-08-18
2023-08-19T18:00:00Z,NA,NA,NA,7.8,7.251,13.288,2023-08-19T14:00:00Z,2023-08-19
2023-08-19T21:00:00Z,NA,NA,NA,7.2,6.6355,12.509,2023-08-19T17:00:00Z,2023-08-19
2023-08-19T09:00:00Z,NA,NA,NA,7.6,6.8165,14.3085,2023-08-19T05:00:00Z,2023-08-19
2023-08-24T10:00:00Z,NA,NA,NA,4.4,4.316,7.0465,2023-08-24T06:00:00Z,2023-08-24
2023-08-24T09:00:00Z,NA,NA,NA,3.9,3.629,6.0745,2023-08-24T05:00:00Z,2023-08-24
2023-08-24T20:00:00Z,NA,NA,NA,5.5,5.276,9.327,2023-08-24T16:00:00Z,2023-08-24
2023-08-24T11:00:00Z,NA,NA,NA,4.5,4.4355,7.2395,2023-08-24T07:00:00Z,2023-08-24
2023-08-24T04:00:00Z,NA,NA,NA,3.9,3.726,6.2155,2023-08-24T00:00:00Z,2023-08-24
2023-08-24T00:00:00Z,NA,NA,NA,4.3,4.187,7.0065,2023-08-23T20:00:00Z,2023-08-23
2023-08-24T23:00:00Z,NA,NA,NA,3.3,2.9225,5.349,2023-08-24T19:00:00Z,2023-08-24
2023-08-24T08:00:00Z,NA,NA,NA,4.2,4.0795,6.6985,2023-08-24T04:00:00Z,2023-08-24
2023-08-24T07:00:00Z,NA,NA,NA,3.8,3.6165,6.0595,2023-08-24T03:00:00Z,2023-08-24
2023-08-24T01:00:00Z,NA,NA,NA,4.2,4.1305,6.8045,2023-08-23T21:00:00Z,2023-08-23
2023-08-24T03:00:00Z,NA,NA,NA,3.8,3.5625,6.001,2023-08-23T23:00:00Z,2023-08-23
2023-08-24T19:00:00Z,NA,NA,NA,5.3,5.152,8.553,2023-08-24T15:00:00Z,2023-08-24
2023-08-24T22:00:00Z,NA,NA,NA,7.3,7.4775,12.109,2023-08-24T18:00:00Z,2023-08-24
2023-08-24T21:00:00Z,NA,NA,NA,7.9,7.799,13.1245,2023-08-24T17:00:00Z,2023-08-24
2023-08-24T02:00:00Z,NA,NA,NA,4.1,3.9995,6.695,2023-08-23T22:00:00Z,2023-08-23
2023-08-24T16:00:00Z,NA,NA,NA,3.2,2.7405,5.024,2023-08-24T12:00:00Z,2023-08-24
2023-08-24T06:00:00Z,NA,NA,NA,3.9,3.6235,6.1905,2023-08-24T02:00:00Z,2023-08-24
2023-08-24T14:00:00Z,NA,NA,NA,4.3,4.1055,6.939,2023-08-24T10:00:00Z,2023-08-24
2023-08-24T05:00:00Z,NA,NA,NA,3.7,3.509,5.8695,2023-08-24T01:00:00Z,2023-08-24
2023-08-24T17:00:00Z,NA,NA,NA,4.7,4.3695,8.288,2023-08-24T13:00:00Z,2023-08-24
2023-08-24T18:00:00Z,NA,NA,NA,4.4,4.234,7.3945,2023-08-24T14:00:00Z,2023-08-24
2023-08-24T12:00:00Z,NA,NA,NA,4.6,4.5845,7.4815,2023-08-24T08:00:00Z,2023-08-24
2023-08-24T15:00:00Z,NA,NA,NA,3.2,2.895,4.985,2023-08-24T11:00:00Z,2023-08-24
2023-08-24T13:00:00Z,NA,NA,NA,4.3,4.032,6.836,2023-08-24T09:00:00Z,2023-08-24
2023-08-27T05:00:00Z,NA,NA,NA,7.7,8.17,12.5,2023-08-27T01:00:00Z,2023-08-27
2023-08-27T20:00:00Z,NA,NA,NA,7.3,7.8735,11.324,2023-08-27T16:00:00Z,2023-08-27
2023-08-27T04:00:00Z,NA,NA,NA,8.2,9.1645,13.5625,2023-08-27T00:00:00Z,2023-08-27
2023-08-27T21:00:00Z,NA,NA,NA,5.2,5.6765,8.5235,2023-08-27T17:00:00Z,2023-08-27
2023-08-27T11:00:00Z,NA,NA,NA,5.1,5.261,8.065,2023-08-27T07:00:00Z,2023-08-27
2023-08-27T15:00:00Z,NA,NA,NA,5.9,6.476,9.3625,2023-08-27T11:00:00Z,2023-08-27
2023-08-27T22:00:00Z,NA,NA,NA,5.6,5.824,9.1785,2023-08-27T18:00:00Z,2023-08-27
2023-08-27T13:00:00Z,NA,NA,NA,5.1,5.742,8.217,2023-08-27T09:00:00Z,2023-08-27
2023-08-27T02:00:00Z,NA,NA,NA,7.8,8.5635,12.9115,2023-08-26T22:00:00Z,2023-08-26
2023-08-27T23:00:00Z,NA,NA,NA,6.4,6.6735,10.4945,2023-08-27T19:00:00Z,2023-08-27
2023-08-27T12:00:00Z,NA,NA,NA,4.4,4.3785,6.6815,2023-08-27T08:00:00Z,2023-08-27
2023-08-27T01:00:00Z,NA,NA,NA,7.9,8.704,13.077,2023-08-26T21:00:00Z,2023-08-26
2023-08-27T19:00:00Z,NA,NA,NA,6.4,7.064,10.21,2023-08-27T15:00:00Z,2023-08-27
2023-08-27T07:00:00Z,NA,NA,NA,5.7,5.634,8.7475,2023-08-27T03:00:00Z,2023-08-27
2023-08-27T16:00:00Z,NA,NA,NA,6.5,7.2025,10.339,2023-08-27T12:00:00Z,2023-08-27
2023-08-27T09:00:00Z,NA,NA,NA,5.8,6.4025,9.317,2023-08-27T05:00:00Z,2023-08-27
2023-08-27T06:00:00Z,NA,NA,NA,5.3,5.2995,8.3445,2023-08-27T02:00:00Z,2023-08-27
2023-08-27T08:00:00Z,NA,NA,NA,6,6.4755,9.5885,2023-08-27T04:00:00Z,2023-08-27
2023-08-27T03:00:00Z,NA,NA,NA,7.6,8.477,12.548,2023-08-26T23:00:00Z,2023-08-26
2023-08-27T00:00:00Z,NA,NA,NA,7.2,8.0025,11.916,2023-08-26T20:00:00Z,2023-08-26
2023-08-27T18:00:00Z,NA,NA,NA,6.4,7.023,10.098,2023-08-27T14:00:00Z,2023-08-27
2023-08-27T17:00:00Z,NA,NA,NA,6,6.5735,9.5105,2023-08-27T13:00:00Z,2023-08-27
2023-08-27T14:00:00Z,NA,NA,NA,5.9,6.6315,9.4185,2023-08-27T10:00:00Z,2023-08-27
2023-08-27T10:00:00Z,NA,NA,NA,5.4,5.627,8.438,2023-08-27T06:00:00Z,2023-08-27
2023-08-18T14:00:00Z,NA,NA,NA,2.3,1.989,3.2635,2023-08-18T10:00:00Z,2023-08-18
2023-08-18T20:00:00Z,NA,NA,NA,3.4,3.092,5.046,2023-08-18T16:00:00Z,2023-08-18
2023-08-18T22:00:00Z,NA,NA,NA,5.9,5.485,9.4195,2023-08-18T18:00:00Z,2023-08-18
2023-08-18T17:00:00Z,NA,NA,NA,5,5.0995,7.79,2023-08-18T13:00:00Z,2023-08-18
2023-08-18T02:00:00Z,NA,NA,NA,6.5,6.256,10.7595,2023-08-17T22:00:00Z,2023-08-17
2023-08-18T18:00:00Z,NA,NA,NA,5.3,5.46,8.3845,2023-08-18T14:00:00Z,2023-08-18
2023-08-18T12:00:00Z,NA,NA,NA,3.3,3.316,5.1445,2023-08-18T08:00:00Z,2023-08-18
2023-08-18T11:00:00Z,NA,NA,NA,2.4,2.018,3.391,2023-08-18T07:00:00Z,2023-08-18
2023-08-18T08:00:00Z,NA,NA,NA,5.5,5.0705,9.755,2023-08-18T04:00:00Z,2023-08-18
2023-08-18T10:00:00Z,NA,NA,NA,4.6,4.563,7.3855,2023-08-18T06:00:00Z,2023-08-18
2023-08-18T07:00:00Z,NA,NA,NA,7,6.87,11.508,2023-08-18T03:00:00Z,2023-08-18
2023-08-18T16:00:00Z,NA,NA,NA,3.4,3.237,5.067,2023-08-18T12:00:00Z,2023-08-18
2023-08-18T15:00:00Z,NA,NA,NA,2.5,2.051,3.3795,2023-08-18T11:00:00Z,2023-08-18
2023-08-18T03:00:00Z,NA,NA,NA,5.5,5.3285,9.2505,2023-08-17T23:00:00Z,2023-08-17
2023-08-18T06:00:00Z,NA,NA,NA,5.9,5.8095,9.8805,2023-08-18T02:00:00Z,2023-08-18
2023-08-18T01:00:00Z,NA,NA,NA,7.1,7.0625,11.836,2023-08-17T21:00:00Z,2023-08-17
2023-08-18T21:00:00Z,NA,NA,NA,3.7,3.314,5.5745,2023-08-18T17:00:00Z,2023-08-18
2023-08-18T09:00:00Z,NA,NA,NA,4.9,4.0915,9.7725,2023-08-18T05:00:00Z,2023-08-18
2023-08-18T05:00:00Z,NA,NA,NA,4.9,4.828,8.3075,2023-08-18T01:00:00Z,2023-08-18
2023-08-18T19:00:00Z,NA,NA,NA,4.9,4.827,7.687,2023-08-18T15:00:00Z,2023-08-18
2023-08-18T04:00:00Z,NA,NA,NA,5.1,4.9255,8.678,2023-08-18T00:00:00Z,2023-08-18
2023-08-18T23:00:00Z,NA,NA,NA,8.8,8.0505,15.047,2023-08-18T19:00:00Z,2023-08-18
2023-08-18T13:00:00Z,NA,NA,NA,2.4,2.1395,3.4705,2023-08-18T09:00:00Z,2023-08-18
2023-08-18T00:00:00Z,NA,NA,NA,6.1,6.048,10.0705,2023-08-17T20:00:00Z,2023-08-17
2023-08-16T11:00:00Z,NA,NA,NA,4.8,5.0335,7.5125,2023-08-16T07:00:00Z,2023-08-16
2023-08-16T21:00:00Z,NA,NA,NA,6.7,7.935,11.023,2023-08-16T17:00:00Z,2023-08-16
2023-08-16T03:00:00Z,NA,NA,NA,6.9,7.068,11.0565,2023-08-15T23:00:00Z,2023-08-15
2023-08-16T00:00:00Z,NA,NA,NA,8.3,9.1555,13.429,2023-08-15T20:00:00Z,2023-08-15
2023-08-16T04:00:00Z,NA,NA,NA,7.3,7.795,11.9305,2023-08-16T00:00:00Z,2023-08-16
2023-08-16T06:00:00Z,NA,NA,NA,6.7,7.161,10.786,2023-08-16T02:00:00Z,2023-08-16
2023-08-16T09:00:00Z,NA,NA,NA,4.8,4.755,7.3145,2023-08-16T05:00:00Z,2023-08-16
2023-08-16T19:00:00Z,NA,NA,NA,6.8,7.6585,11.104,2023-08-16T15:00:00Z,2023-08-16
2023-08-16T07:00:00Z,NA,NA,NA,7.4,7.84,12.352,2023-08-16T03:00:00Z,2023-08-16
2023-08-16T05:00:00Z,NA,NA,NA,7.8,8.324,12.4625,2023-08-16T01:00:00Z,2023-08-16
2023-08-16T17:00:00Z,NA,NA,NA,9.2,10.4605,15.2125,2023-08-16T13:00:00Z,2023-08-16
2023-08-16T14:00:00Z,NA,NA,NA,6.1,7.0085,10.0845,2023-08-16T10:00:00Z,2023-08-16
2023-08-16T23:00:00Z,NA,NA,NA,4.6,4.9745,7.3405,2023-08-16T19:00:00Z,2023-08-16
2023-08-16T13:00:00Z,NA,NA,NA,5.8,6.388,9.266,2023-08-16T09:00:00Z,2023-08-16
2023-08-16T15:00:00Z,NA,NA,NA,7.6,9.1115,12.507,2023-08-16T11:00:00Z,2023-08-16
2023-08-16T20:00:00Z,NA,NA,NA,6.7,7.7525,10.917,2023-08-16T16:00:00Z,2023-08-16
2023-08-16T02:00:00Z,NA,NA,NA,9.1,9.593,15.314,2023-08-15T22:00:00Z,2023-08-15
2023-08-16T01:00:00Z,NA,NA,NA,8.3,9.053,13.308,2023-08-15T21:00:00Z,2023-08-15
2023-08-16T16:00:00Z,NA,NA,NA,8.4,10.0035,13.916,2023-08-16T12:00:00Z,2023-08-16
2023-08-16T22:00:00Z,NA,NA,NA,4.3,4.673,6.7485,2023-08-16T18:00:00Z,2023-08-16
2023-08-16T18:00:00Z,NA,NA,NA,8.5,9.269,14.052,2023-08-16T14:00:00Z,2023-08-16
2023-08-16T08:00:00Z,NA,NA,NA,6.5,6.1165,10.8735,2023-08-16T04:00:00Z,2023-08-16
2023-08-16T12:00:00Z,NA,NA,NA,6.1,6.507,9.899,2023-08-16T08:00:00Z,2023-08-16
2023-08-16T10:00:00Z,NA,NA,NA,4.6,4.9065,7.22,2023-08-16T06:00:00Z,2023-08-16
2023-08-26T09:00:00Z,NA,NA,NA,12.8,14.2365,23.532,2023-08-26T05:00:00Z,2023-08-26
2023-08-26T07:00:00Z,NA,NA,NA,10.5,11.789,19.0455,2023-08-26T03:00:00Z,2023-08-26
2023-08-26T14:00:00Z,NA,NA,NA,11.9,12.9135,19.9835,2023-08-26T10:00:00Z,2023-08-26
2023-08-26T17:00:00Z,NA,NA,NA,7.2,8.305,11.793,2023-08-26T13:00:00Z,2023-08-26
2023-08-26T01:00:00Z,NA,NA,NA,9.2,9.785,17.469,2023-08-25T21:00:00Z,2023-08-25
2023-08-26T00:00:00Z,NA,NA,NA,8,8.303,15.245,2023-08-25T20:00:00Z,2023-08-25
2023-08-26T16:00:00Z,NA,NA,NA,7.7,8.9415,12.6185,2023-08-26T12:00:00Z,2023-08-26
2023-08-26T21:00:00Z,NA,NA,NA,6.6,7.343,10.654,2023-08-26T17:00:00Z,2023-08-26
2023-08-26T08:00:00Z,NA,NA,NA,11.8,13.653,21.536,2023-08-26T04:00:00Z,2023-08-26
2023-08-26T11:00:00Z,NA,NA,NA,18.1,18.747,31.7015,2023-08-26T07:00:00Z,2023-08-26
2023-08-26T12:00:00Z,NA,NA,NA,12.5,13.0175,20.4565,2023-08-26T08:00:00Z,2023-08-26
2023-08-26T19:00:00Z,NA,NA,NA,6.4,7.167,10.5535,2023-08-26T15:00:00Z,2023-08-26
2023-08-26T06:00:00Z,NA,NA,NA,9.9,11.287,17.932,2023-08-26T02:00:00Z,2023-08-26
2023-08-26T18:00:00Z,NA,NA,NA,6.3,6.884,10.239,2023-08-26T14:00:00Z,2023-08-26
2023-08-26T20:00:00Z,NA,NA,NA,6.6,7.3255,10.6465,2023-08-26T16:00:00Z,2023-08-26
2023-08-26T23:00:00Z,NA,NA,NA,7,7.5775,11.3755,2023-08-26T19:00:00Z,2023-08-26
2023-08-26T15:00:00Z,NA,NA,NA,10.9,12.325,18.0415,2023-08-26T11:00:00Z,2023-08-26
2023-08-26T02:00:00Z,NA,NA,NA,8.4,9.0425,16.1065,2023-08-25T22:00:00Z,2023-08-25
2023-08-26T22:00:00Z,NA,NA,NA,7.4,8.1705,12.0805,2023-08-26T18:00:00Z,2023-08-26
2023-08-26T05:00:00Z,NA,NA,NA,9.8,10.8665,17.943,2023-08-26T01:00:00Z,2023-08-26
2023-08-26T04:00:00Z,NA,NA,NA,10.5,11.866,19.8855,2023-08-26T00:00:00Z,2023-08-26
2023-08-26T10:00:00Z,NA,NA,NA,13.2,14.4355,23.843,2023-08-26T06:00:00Z,2023-08-26
2023-08-26T03:00:00Z,NA,NA,NA,9.3,10.2285,17.6705,2023-08-25T23:00:00Z,2023-08-25
2023-08-26T13:00:00Z,NA,NA,NA,15.1,15.9635,25.3035,2023-08-26T09:00:00Z,2023-08-26
2023-08-15T06:00:00Z,89.4,125.8,816.552,12.9,13.377,21.058,2023-08-15T02:00:00Z,2023-08-15
2023-08-15T20:00:00Z,NA,NA,NA,8.6,9.948,14.079,2023-08-15T16:00:00Z,2023-08-15
2023-08-15T00:00:00Z,51.133,82.967,1012.813,5,5.2455,8.003,2023-08-14T20:00:00Z,2023-08-14
2023-08-15T14:00:00Z,NA,NA,NA,11.1,12.2725,18.3605,2023-08-15T10:00:00Z,2023-08-15
2023-08-15T07:00:00Z,NA,NA,NA,10.8,11.5875,17.809,2023-08-15T03:00:00Z,2023-08-15
2023-08-15T08:00:00Z,NA,NA,NA,9.7,10.5485,16.1425,2023-08-15T04:00:00Z,2023-08-15
2023-08-15T04:00:00Z,61,82.034,1010.63,9.2,10.066,14.964,2023-08-15T00:00:00Z,2023-08-15
2023-08-15T05:00:00Z,73.3,78.267,1009.381,12,12.448,20.5075,2023-08-15T01:00:00Z,2023-08-15
2023-08-15T19:00:00Z,NA,NA,NA,8.6,9.723,14.0495,2023-08-15T15:00:00Z,2023-08-15
2023-08-15T03:00:00Z,58.7,82,1011.712,7.5,8.2275,12.258,2023-08-14T23:00:00Z,2023-08-14
2023-08-15T10:00:00Z,NA,NA,NA,7.7,8.2345,12.6445,2023-08-15T06:00:00Z,2023-08-15
2023-08-15T13:00:00Z,NA,NA,NA,12.1,13.55,20.75,2023-08-15T09:00:00Z,2023-08-15
2023-08-15T02:00:00Z,57.067,81.834,1012.509,6.4,6.836,10.294,2023-08-14T22:00:00Z,2023-08-14
2023-08-15T17:00:00Z,NA,NA,NA,8.9,9.9245,14.212,2023-08-15T13:00:00Z,2023-08-15
2023-08-15T23:00:00Z,NA,NA,NA,7.7,8.468,12.4585,2023-08-15T19:00:00Z,2023-08-15
2023-08-15T01:00:00Z,53.933,81.966,1012.678,5.2,5.548,8.4225,2023-08-14T21:00:00Z,2023-08-14
2023-08-15T12:00:00Z,NA,NA,NA,8.9,9.891,15.0795,2023-08-15T08:00:00Z,2023-08-15
2023-08-15T21:00:00Z,NA,NA,NA,8.7,10.132,14.417,2023-08-15T17:00:00Z,2023-08-15
2023-08-15T18:00:00Z,NA,NA,NA,7.9,9.028,12.837,2023-08-15T14:00:00Z,2023-08-15
2023-08-15T22:00:00Z,NA,NA,NA,7.9,9.0555,12.9055,2023-08-15T18:00:00Z,2023-08-15
2023-08-15T09:00:00Z,NA,NA,NA,8.3,8.943,13.7405,2023-08-15T05:00:00Z,2023-08-15
2023-08-15T11:00:00Z,NA,NA,NA,7.6,8.41,12.513,2023-08-15T07:00:00Z,2023-08-15
2023-08-15T15:00:00Z,NA,NA,NA,12.8,13.896,21.5175,2023-08-15T11:00:00Z,2023-08-15
2023-08-15T16:00:00Z,NA,NA,NA,9.7,10.685,15.6025,2023-08-15T12:00:00Z,2023-08-15
2023-08-14T16:00:00Z,36.034,90.267,1015.911,4.8,5.7015,7.957,2023-08-14T12:00:00Z,2023-08-14
2023-08-14T12:00:00Z,54.733,79.967,1015.739,9.8,11.54,17.0615,2023-08-14T08:00:00Z,2023-08-14
2023-08-14T02:00:00Z,51.1,82.667,1015.132,5.5,6.463,8.9685,2023-08-13T22:00:00Z,2023-08-13
2023-08-14T08:00:00Z,56.934,78.066,1014.689,7,8.2175,11.5835,2023-08-14T04:00:00Z,2023-08-14
2023-08-14T13:00:00Z,50.3,82.833,1016.387,10.3,12.177,18.415,2023-08-14T09:00:00Z,2023-08-14
2023-08-14T19:00:00Z,32.7,95.167,1013.97,5.4,6.231,8.9925,2023-08-14T15:00:00Z,2023-08-14
2023-08-14T14:00:00Z,45.267,85.933,1016.656,10.2,11.7515,17.5775,2023-08-14T10:00:00Z,2023-08-14
2023-08-14T11:00:00Z,56.867,78.966,1015.269,7.9,9.206,13.324,2023-08-14T07:00:00Z,2023-08-14
2023-08-14T10:00:00Z,61.9,78.133,1015.13,9.6,11.655,16.4515,2023-08-14T06:00:00Z,2023-08-14
2023-08-14T22:00:00Z,39.067,86.566,1012.926,3.2,3.334,4.837,2023-08-14T18:00:00Z,2023-08-14
2023-08-14T07:00:00Z,54.966,79.433,1015.069,9.5,10.118,16.083,2023-08-14T03:00:00Z,2023-08-14
2023-08-14T09:00:00Z,59.933,77.966,1014.825,7.2,8.592,12.0865,2023-08-14T05:00:00Z,2023-08-14
2023-08-14T17:00:00Z,33.034,94.534,1015.282,5.6,6.5955,9.2305,2023-08-14T13:00:00Z,2023-08-14
2023-08-14T23:00:00Z,46.233,84.733,1012.666,4.4,4.7125,6.9925,2023-08-14T19:00:00Z,2023-08-14
2023-08-14T00:00:00Z,44.733,85.066,1013.774,4.6,5.442,7.415,2023-08-13T20:00:00Z,2023-08-13
2023-08-14T15:00:00Z,38.833,87.933,1016.392,5.7,6.8115,9.516,2023-08-14T11:00:00Z,2023-08-14
2023-08-14T18:00:00Z,33.1,95.3,1014.652,5.7,6.794,9.5985,2023-08-14T14:00:00Z,2023-08-14
2023-08-14T20:00:00Z,34.067,93.166,1013.324,4.6,5.19,7.527,2023-08-14T16:00:00Z,2023-08-14
2023-08-14T21:00:00Z,35.8,89.633,1012.779,4.1,4.4995,6.449,2023-08-14T17:00:00Z,2023-08-14
2023-08-14T03:00:00Z,54.034,81.434,1015.407,8.8,10.1365,14.655,2023-08-13T23:00:00Z,2023-08-13
2023-08-14T06:00:00Z,55.067,80,1015.164,7.2,8.3505,11.7545,2023-08-14T02:00:00Z,2023-08-14
2023-08-14T01:00:00Z,47.8,84.066,1014.804,4.9,5.804,7.9855,2023-08-13T21:00:00Z,2023-08-13
2023-08-14T04:00:00Z,53.733,80.966,1015.454,8.7,9.315,14.839,2023-08-14T00:00:00Z,2023-08-14
2023-08-14T05:00:00Z,54.367,80.3,1015.225,7,8.14,11.5195,2023-08-14T01:00:00Z,2023-08-14
2023-08-23T05:00:00Z,NA,NA,NA,6.9,7.179,11.3635,2023-08-23T01:00:00Z,2023-08-23
2023-08-23T19:00:00Z,NA,NA,NA,3.4,3.3595,5.186,2023-08-23T15:00:00Z,2023-08-23
2023-08-23T09:00:00Z,NA,NA,NA,2.7,2.4225,3.9845,2023-08-23T05:00:00Z,2023-08-23
2023-08-23T16:00:00Z,NA,NA,NA,3.1,3.0875,4.6775,2023-08-23T12:00:00Z,2023-08-23
2023-08-23T17:00:00Z,NA,NA,NA,2.9,2.966,4.4185,2023-08-23T13:00:00Z,2023-08-23
2023-08-23T01:00:00Z,NA,NA,NA,6.2,6.386,10.004,2023-08-22T21:00:00Z,2023-08-22
2023-08-23T02:00:00Z,NA,NA,NA,6.3,6.504,10.3635,2023-08-22T22:00:00Z,2023-08-22
2023-08-23T07:00:00Z,NA,NA,NA,3.9,3.8085,6.0895,2023-08-23T03:00:00Z,2023-08-23
2023-08-23T11:00:00Z,NA,NA,NA,3.3,3.1265,5.0655,2023-08-23T07:00:00Z,2023-08-23
2023-08-23T04:00:00Z,NA,NA,NA,6.8,7.067,11.141,2023-08-23T00:00:00Z,2023-08-23
2023-08-23T00:00:00Z,NA,NA,NA,6.1,6.398,10.0305,2023-08-22T20:00:00Z,2023-08-22
2023-08-23T23:00:00Z,NA,NA,NA,4.1,4.0105,6.605,2023-08-23T19:00:00Z,2023-08-23
2023-08-23T20:00:00Z,NA,NA,NA,3.5,3.5415,5.6175,2023-08-23T16:00:00Z,2023-08-23
2023-08-23T22:00:00Z,NA,NA,NA,4.3,4.3325,6.8825,2023-08-23T18:00:00Z,2023-08-23
2023-08-23T14:00:00Z,NA,NA,NA,3.5,3.5695,5.485,2023-08-23T10:00:00Z,2023-08-23
2023-08-23T10:00:00Z,NA,NA,NA,3,2.8185,4.609,2023-08-23T06:00:00Z,2023-08-23
2023-08-23T08:00:00Z,NA,NA,NA,3.1,2.8515,4.769,2023-08-23T04:00:00Z,2023-08-23
2023-08-23T18:00:00Z,NA,NA,NA,3,2.976,4.662,2023-08-23T14:00:00Z,2023-08-23
2023-08-23T03:00:00Z,NA,NA,NA,6.3,6.5485,10.423,2023-08-22T23:00:00Z,2023-08-22
2023-08-23T15:00:00Z,NA,NA,NA,3.4,3.458,5.28,2023-08-23T11:00:00Z,2023-08-23
2023-08-23T21:00:00Z,NA,NA,NA,3.7,3.6145,5.9725,2023-08-23T17:00:00Z,2023-08-23
2023-08-23T06:00:00Z,NA,NA,NA,5.5,5.7455,9.0845,2023-08-23T02:00:00Z,2023-08-23
2023-08-23T13:00:00Z,NA,NA,NA,3.3,3.3005,5.2055,2023-08-23T09:00:00Z,2023-08-23
2023-08-23T12:00:00Z,NA,NA,NA,3.2,3.108,4.9395,2023-08-23T08:00:00Z,2023-08-23
2023-08-22T13:00:00Z,NA,NA,NA,8.5,8.5035,14.2395,2023-08-22T09:00:00Z,2023-08-22
2023-08-22T12:00:00Z,NA,NA,NA,8.1,8.13,13.5715,2023-08-22T08:00:00Z,2023-08-22
2023-08-22T10:00:00Z,NA,NA,NA,8.9,8.89,14.7785,2023-08-22T06:00:00Z,2023-08-22
2023-08-22T20:00:00Z,NA,NA,NA,8.4,8.3865,13.7085,2023-08-22T16:00:00Z,2023-08-22
2023-08-22T01:00:00Z,NA,NA,NA,25.5,22.9075,43.931,2023-08-21T21:00:00Z,2023-08-21
2023-08-22T21:00:00Z,NA,NA,NA,7.9,7.916,12.9535,2023-08-22T17:00:00Z,2023-08-22
2023-08-22T07:00:00Z,NA,NA,NA,13.2,12.8855,22.384,2023-08-22T03:00:00Z,2023-08-22
2023-08-22T14:00:00Z,NA,NA,NA,9.3,9.1445,15.5265,2023-08-22T10:00:00Z,2023-08-22
2023-08-22T08:00:00Z,NA,NA,NA,11.7,11.652,19.7705,2023-08-22T04:00:00Z,2023-08-22
2023-08-22T06:00:00Z,NA,NA,NA,15.9,15.267,27.51,2023-08-22T02:00:00Z,2023-08-22
2023-08-22T11:00:00Z,NA,NA,NA,8.9,8.8355,14.9095,2023-08-22T07:00:00Z,2023-08-22
2023-08-22T17:00:00Z,NA,NA,NA,9.5,9.455,15.627,2023-08-22T13:00:00Z,2023-08-22
2023-08-22T22:00:00Z,NA,NA,NA,7.6,7.811,12.4615,2023-08-22T18:00:00Z,2023-08-22
2023-08-22T03:00:00Z,NA,NA,NA,26.1,23.143,45.144,2023-08-21T23:00:00Z,2023-08-21
2023-08-22T19:00:00Z,NA,NA,NA,8.7,8.725,14.1895,2023-08-22T15:00:00Z,2023-08-22
2023-08-22T05:00:00Z,NA,NA,NA,23.7,21.3965,41.495,2023-08-22T01:00:00Z,2023-08-22
2023-08-22T18:00:00Z,NA,NA,NA,9.1,9.002,14.8735,2023-08-22T14:00:00Z,2023-08-22
2023-08-22T23:00:00Z,NA,NA,NA,6.5,6.5995,10.5345,2023-08-22T19:00:00Z,2023-08-22
2023-08-22T04:00:00Z,NA,NA,NA,25.2,22.4995,44.023,2023-08-22T00:00:00Z,2023-08-22
2023-08-22T00:00:00Z,NA,NA,NA,24.7,22.567,42.704,2023-08-21T20:00:00Z,2023-08-21
2023-08-22T15:00:00Z,NA,NA,NA,9.3,9.0625,15.333,2023-08-22T11:00:00Z,2023-08-22
2023-08-22T09:00:00Z,NA,NA,NA,10.3,10.204,17.238,2023-08-22T05:00:00Z,2023-08-22
2023-08-22T16:00:00Z,NA,NA,NA,9.7,9.561,15.8365,2023-08-22T12:00:00Z,2023-08-22
2023-08-22T02:00:00Z,NA,NA,NA,26,23.13,44.744,2023-08-21T22:00:00Z,2023-08-21
2023-08-25T00:00:00Z,NA,NA,NA,3.1,2.731,4.9775,2023-08-24T20:00:00Z,2023-08-24
2023-08-25T12:00:00Z,NA,NA,NA,3.4,3.049,5.998,2023-08-25T08:00:00Z,2023-08-25
2023-08-25T23:00:00Z,NA,NA,NA,7.7,8.2155,14.2275,2023-08-25T19:00:00Z,2023-08-25
2023-08-25T19:00:00Z,NA,NA,NA,7.4,7.58,13.541,2023-08-25T15:00:00Z,2023-08-25
2023-08-25T18:00:00Z,NA,NA,NA,5.8,6.0015,10.4575,2023-08-25T14:00:00Z,2023-08-25
2023-08-25T15:00:00Z,NA,NA,NA,3.6,3.548,6.0225,2023-08-25T11:00:00Z,2023-08-25
2023-08-25T13:00:00Z,NA,NA,NA,3.3,2.958,5.308,2023-08-25T09:00:00Z,2023-08-25
2023-08-25T14:00:00Z,NA,NA,NA,3.2,3.009,5.297,2023-08-25T10:00:00Z,2023-08-25
2023-08-25T01:00:00Z,NA,NA,NA,3.5,3.1115,5.7165,2023-08-24T21:00:00Z,2023-08-24
2023-08-25T17:00:00Z,NA,NA,NA,5.8,6.1565,10.0155,2023-08-25T13:00:00Z,2023-08-25
2023-08-25T06:00:00Z,NA,NA,NA,2.1,1.413,3.325,2023-08-25T02:00:00Z,2023-08-25
2023-08-25T22:00:00Z,NA,NA,NA,6.9,7.252,12.3925,2023-08-25T18:00:00Z,2023-08-25
2023-08-25T21:00:00Z,NA,NA,NA,6.8,7.1905,11.8795,2023-08-25T17:00:00Z,2023-08-25
2023-08-25T09:00:00Z,NA,NA,NA,2.7,2.158,4.338,2023-08-25T05:00:00Z,2023-08-25
2023-08-25T20:00:00Z,NA,NA,NA,7.7,8.225,13.7255,2023-08-25T16:00:00Z,2023-08-25
2023-08-25T11:00:00Z,NA,NA,NA,3.5,3.0715,6.3305,2023-08-25T07:00:00Z,2023-08-25
2023-08-25T10:00:00Z,NA,NA,NA,3.3,3.062,5.517,2023-08-25T06:00:00Z,2023-08-25
2023-08-25T02:00:00Z,NA,NA,NA,2.9,2.3445,4.546,2023-08-24T22:00:00Z,2023-08-24
2023-08-25T04:00:00Z,NA,NA,NA,2.6,2.0175,4.162,2023-08-25T00:00:00Z,2023-08-25
2023-08-25T07:00:00Z,NA,NA,NA,2.2,1.473,3.216,2023-08-25T03:00:00Z,2023-08-25
2023-08-25T16:00:00Z,NA,NA,NA,4.8,4.9295,7.9965,2023-08-25T12:00:00Z,2023-08-25
2023-08-25T05:00:00Z,NA,NA,NA,2.7,2.1875,4.697,2023-08-25T01:00:00Z,2023-08-25
2023-08-25T03:00:00Z,NA,NA,NA,2.9,2.352,4.5755,2023-08-24T23:00:00Z,2023-08-24
2023-08-25T08:00:00Z,NA,NA,NA,2.4,1.9065,3.7715,2023-08-25T04:00:00Z,2023-08-25
